sepal length,sepal width,petal length,petal width,iris,Neural Network,Logistic Regression,Random Forest,Tree,Neural Network (Iris-setosa),Neural Network (Iris-versicolor),Neural Network (Iris-virginica),Logistic Regression (Iris-setosa),Logistic Regression (Iris-versicolor),Logistic Regression (Iris-virginica),Random Forest (Iris-setosa),Random Forest (Iris-versicolor),Random Forest (Iris-virginica),Tree (Iris-setosa),Tree (Iris-versicolor),Tree (Iris-virginica),Fold
continuous,continuous,continuous,continuous,discrete,discrete,discrete,discrete,discrete,continuous,continuous,continuous,continuous,continuous,continuous,continuous,continuous,continuous,continuous,continuous,continuous,discrete
,,,,class,meta,meta,meta,meta,meta,meta,meta,meta,meta,meta,meta,meta,meta,meta,meta,meta,meta
4.3,3.0,1.1,0.1,Iris-setosa,Iris-setosa,Iris-setosa,Iris-setosa,Iris-setosa,0.995553727003402,0.004060352184943262,0.00038592081165484435,0.7985667896428711,0.20143321035712772,1.202625885784433e-15,1.0,0.0,0.0,1.0,0.0,0.0,1
5.1,3.5,1.4,0.3,Iris-setosa,Iris-setosa,Iris-setosa,Iris-setosa,Iris-setosa,0.9909236264341948,0.007730833318787165,0.0013455402470180832,0.9369353629760127,0.06306463702398674,5.331496059191703e-16,1.0,0.0,0.0,1.0,0.0,0.0,1
5.1,3.8,1.5,0.3,Iris-setosa,Iris-setosa,Iris-setosa,Iris-setosa,Iris-setosa,0.994477197590934,0.00456737545463553,0.0009554269544305072,0.964209352124834,0.035790647875165706,2.1999548571042838e-16,1.0,0.0,0.0,1.0,0.0,0.0,1
5.0,3.0,1.6,0.2,Iris-setosa,Iris-setosa,Iris-setosa,Iris-setosa,Iris-setosa,0.9627715059728696,0.03452962916560477,0.0026988648615257045,0.7669613928253359,0.23303860717465616,8.071081612313527e-15,1.0,0.0,0.0,1.0,0.0,0.0,1
5.0,3.4,1.6,0.4,Iris-setosa,Iris-setosa,Iris-setosa,Iris-setosa,Iris-setosa,0.9873751912277697,0.010794919405212027,0.0018298893670181523,0.9206405947838555,0.07935940521613367,1.0932222033557655e-14,1.0,0.0,0.0,1.0,0.0,0.0,1
4.8,3.1,1.6,0.2,Iris-setosa,Iris-setosa,Iris-setosa,Iris-setosa,Iris-setosa,0.9859909103666443,0.012591555303241115,0.0014175343301145438,0.7935048159370436,0.20649518406294717,9.129285746317314e-15,1.0,0.0,0.0,1.0,0.0,0.0,1
5.2,4.1,1.5,0.1,Iris-setosa,Iris-setosa,Iris-setosa,Iris-setosa,Iris-setosa,0.9973781586868715,0.002115812645485274,0.000506028667643198,0.971730443745705,0.028269556254294864,4.3808100295690686e-18,1.0,0.0,0.0,1.0,0.0,0.0,1
5.1,3.4,1.5,0.2,Iris-setosa,Iris-setosa,Iris-setosa,Iris-setosa,Iris-setosa,0.9898433947724512,0.008781130725455662,0.0013754745020930915,0.8923445082907661,0.10765549170923323,5.219496046154794e-16,1.0,0.0,0.0,1.0,0.0,0.0,1
4.8,3.0,1.4,0.3,Iris-setosa,Iris-setosa,Iris-setosa,Iris-setosa,Iris-setosa,0.978317909641306,0.019828643664165622,0.0018534466945283692,0.8250699057414024,0.1749300942585837,1.3948914534638981e-14,1.0,0.0,0.0,1.0,0.0,0.0,1
5.3,3.7,1.5,0.2,Iris-setosa,Iris-setosa,Iris-setosa,Iris-setosa,Iris-setosa,0.9920034847744793,0.006683631813881203,0.0013128834116395514,0.9447714000654173,0.05522859993458274,6.810108347942419e-17,1.0,0.0,0.0,1.0,0.0,0.0,1
7.0,3.2,4.7,1.4,Iris-versicolor,Iris-versicolor,Iris-versicolor,Iris-versicolor,Iris-versicolor,0.01074262192761496,0.7180715093653322,0.2711858687070529,0.00017829735794673926,0.9987897166213225,0.0010319860207307974,0.0,1.0,0.0,0.0,0.972972972972973,0.02702702702702703,1
6.9,3.1,4.9,1.5,Iris-versicolor,Iris-versicolor,Iris-versicolor,Iris-versicolor,Iris-versicolor,0.007239762788123609,0.5886336877370728,0.40412654947480364,2.669874774467217e-05,0.9823754558301477,0.01759784542210751,0.0,0.665,0.335,0.0,1.0,0.0,1
5.0,2.0,3.5,1.0,Iris-versicolor,Iris-versicolor,Iris-versicolor,Iris-versicolor,Iris-versicolor,0.008848508063318414,0.9545788836075152,0.036572608329166374,0.00022467538171155123,0.9991374752891765,0.0006378493291119481,0.0,0.925,0.075,0.0,0.972972972972973,0.02702702702702703,1
6.3,2.5,4.9,1.5,Iris-versicolor,Iris-versicolor,Iris-versicolor,Iris-virginica,Iris-virginica,0.0020058486141432703,0.5311842554628574,0.4668098959229994,6.551790792123727e-07,0.6294592881658545,0.3705400566550662,0.0,0.43166666666666664,0.5683333333333334,0.0,0.0,1.0,1
5.7,2.6,3.5,1.0,Iris-versicolor,Iris-versicolor,Iris-versicolor,Iris-versicolor,Iris-versicolor,0.022668497995160873,0.9437581983782659,0.03357330362657312,0.004617148205710641,0.9953769812348415,5.870559447748516e-06,0.0,1.0,0.0,0.0,0.972972972972973,0.02702702702702703,1
5.6,3.0,4.1,1.3,Iris-versicolor,Iris-versicolor,Iris-versicolor,Iris-versicolor,Iris-versicolor,0.09030652391498545,0.8015942833310863,0.10809919275392814,0.000563873866425565,0.9979431796228597,0.0014929465107146292,0.0,1.0,0.0,0.0,0.972972972972973,0.02702702702702703,1
5.5,2.5,4.0,1.3,Iris-versicolor,Iris-versicolor,Iris-versicolor,Iris-versicolor,Iris-versicolor,0.01576297144270103,0.8809775105381734,0.10325951801912571,9.305994592361176e-05,0.9923421919260534,0.007564748128022981,0.0,1.0,0.0,0.0,0.972972972972973,0.02702702702702703,1
5.6,2.7,4.2,1.3,Iris-versicolor,Iris-versicolor,Iris-versicolor,Iris-versicolor,Iris-versicolor,0.024597293626198984,0.8683036488596934,0.1070990575141077,7.837040573901495e-05,0.9924607845583071,0.007460845035953852,0.0,1.0,0.0,0.0,0.972972972972973,0.02702702702702703,1
5.7,3.0,4.2,1.2,Iris-versicolor,Iris-versicolor,Iris-versicolor,Iris-versicolor,Iris-versicolor,0.07417983539995876,0.8322525171933993,0.09356764740664189,0.00038360534432412056,0.9990617455988124,0.0005546490568634207,0.0,1.0,0.0,0.0,0.972972972972973,0.02702702702702703,1
5.7,2.9,4.2,1.3,Iris-versicolor,Iris-versicolor,Iris-versicolor,Iris-versicolor,Iris-versicolor,0.043341821013856516,0.8548811110167903,0.10177706796935304,0.00021560402017981885,0.9971285982300395,0.0026557977497807814,0.0,1.0,0.0,0.0,0.972972972972973,0.02702702702702703,1
5.8,2.7,5.1,1.9,Iris-virginica,Iris-virginica,Iris-virginica,Iris-virginica,Iris-virginica,0.004149253616985777,0.18531609862070803,0.8105346477623061,8.143663395374086e-08,0.31756206785407876,0.6824378507092873,0.0,0.0819047619047619,0.9180952380952382,0.0,0.03125,0.96875,1
6.3,2.9,5.6,1.8,Iris-virginica,Iris-virginica,Iris-virginica,Iris-virginica,Iris-virginica,0.0029237433771083935,0.17233140781105855,0.8247448488118331,2.3925754934289493e-08,0.35263078972558254,0.6473691863486625,0.0,0.0,1.0,0.0,0.03125,0.96875,1
7.6,3.0,6.6,2.1,Iris-virginica,Iris-virginica,Iris-virginica,Iris-virginica,Iris-virginica,8.544181070723505e-05,0.021366290212411484,0.9785482679768813,3.219074945492745e-10,0.3529230200207639,0.6470769796573286,0.0,0.0,1.0,0.0,0.03125,0.96875,1
6.4,3.2,5.3,2.3,Iris-virginica,Iris-virginica,Iris-virginica,Iris-virginica,Iris-virginica,0.0032372615828823318,0.06270934413003978,0.9340533942870779,1.3062338096933457e-07,0.08343844920606143,0.9165614201705576,0.0,0.02,0.9800000000000001,0.0,0.03125,0.96875,1
7.7,3.8,6.7,2.2,Iris-virginica,Iris-virginica,Iris-virginica,Iris-virginica,Iris-virginica,0.0013132780709017365,0.029949999790263297,0.9687367221388349,3.1073409694282037e-09,0.10788174308007606,0.892118253812583,0.0,0.02,0.9800000000000001,0.0,0.03125,0.96875,1
7.7,2.6,6.9,2.3,Iris-virginica,Iris-virginica,Iris-virginica,Iris-virginica,Iris-virginica,4.9158270717297e-06,0.0051971221629854925,0.9947979620099427,1.1034447391052253e-11,0.4246819676490062,0.5753180323399594,0.0,0.0,1.0,0.0,0.03125,0.96875,1
6.4,2.8,5.6,2.1,Iris-virginica,Iris-virginica,Iris-virginica,Iris-virginica,Iris-virginica,0.0007442103039567779,0.056101379876605344,0.9431544098194379,9.738533401061945e-09,0.2883095666317477,0.7116904236297188,0.0,0.0,1.0,0.0,0.03125,0.96875,1
7.2,3.0,5.8,1.6,Iris-virginica,Iris-virginica,Iris-virginica,Iris-virginica,Iris-virginica,0.001373381455426121,0.25556029977243755,0.7430663187721364,5.371318868054834e-08,0.4660579414585921,0.5339420048282193,0.0,0.3516666666666667,0.6483333333333333,0.0,0.03125,0.96875,1
6.8,3.2,5.9,2.3,Iris-virginica,Iris-virginica,Iris-virginica,Iris-virginica,Iris-virginica,0.0008170542403493354,0.02968557035263782,0.9694973754070129,8.25950304121856e-09,0.1437077819691776,0.8562922097713194,0.0,0.02,0.9800000000000001,0.0,0.03125,0.96875,1
5.9,3.0,5.1,1.8,Iris-virginica,Iris-virginica,Iris-virginica,Iris-virginica,Iris-virginica,0.015130906236039542,0.30894071256256195,0.6759283812013985,3.505174479175787e-07,0.265817775838942,0.73418187364361,0.0,0.18190476190476187,0.8180952380952382,0.0,0.03125,0.96875,1
4.6,3.1,1.5,0.2,Iris-setosa,Iris-setosa,Iris-setosa,Iris-setosa,Iris-setosa,0.987908354614583,0.011174915554926354,0.0009167298304908456,0.7673411186335086,0.2326588813664914,2.6884432464704383e-19,1.0,0.0,0.0,1.0,0.0,0.0,2
5.0,3.6,1.4,0.2,Iris-setosa,Iris-setosa,Iris-setosa,Iris-setosa,Iris-setosa,0.9959296775754566,0.0034245461106782228,0.0006457763138653518,0.9276958620162932,0.07230413798370684,3.367338851352065e-22,1.0,0.0,0.0,1.0,0.0,0.0,2
4.6,3.4,1.4,0.3,Iris-setosa,Iris-setosa,Iris-setosa,Iris-setosa,Iris-setosa,0.9963174172051709,0.0031695414199706643,0.0005130413748583759,0.8949090133292393,0.10509098667076056,3.7972600915138865e-20,1.0,0.0,0.0,1.0,0.0,0.0,2
4.4,2.9,1.4,0.2,Iris-setosa,Iris-setosa,Iris-setosa,Iris-setosa,Iris-setosa,0.9775252345066938,0.021438614631457853,0.0010361508618483885,0.7020980226563917,0.29790197734360835,1.1821154079406475e-18,1.0,0.0,0.0,1.0,0.0,0.0,2
4.8,3.0,1.4,0.1,Iris-setosa,Iris-setosa,Iris-setosa,Iris-setosa,Iris-setosa,0.9695540547939412,0.02903964051236901,0.0014063046936897531,0.7222434538883428,0.2777565461116573,2.1619313833871642e-20,1.0,0.0,0.0,1.0,0.0,0.0,2
5.7,4.4,1.5,0.4,Iris-setosa,Iris-setosa,Iris-setosa,Iris-setosa,Iris-setosa,0.9957473330481816,0.0032332222710404197,0.001019444680777812,0.9949413977396653,0.005058602260334764,5.15617687135934e-25,0.9,0.1,0.0,1.0,0.0,0.0,2
4.9,3.1,1.5,0.1,Iris-setosa,Iris-setosa,Iris-setosa,Iris-setosa,Iris-setosa,0.9767257307370244,0.021864096046877165,0.001410173216098576,0.7488370182364664,0.25116298176353347,1.6864612421745395e-20,1.0,0.0,0.0,1.0,0.0,0.0,2
4.5,2.3,1.3,0.3,Iris-setosa,Iris-versicolor,Iris-setosa,Iris-setosa,Iris-setosa,0.2979523717599488,0.6968179850827368,0.005229643157314312,0.5690299090252563,0.43097009097474376,4.908045406338351e-17,0.9,0.1,0.0,1.0,0.0,0.0,2
5.1,3.8,1.6,0.2,Iris-setosa,Iris-setosa,Iris-setosa,Iris-setosa,Iris-setosa,0.9965926066066827,0.0027575297044982535,0.0006498636888190697,0.9493510072517836,0.05064899274821648,3.388864086164676e-22,1.0,0.0,0.0,1.0,0.0,0.0,2
4.6,3.2,1.4,0.2,Iris-setosa,Iris-setosa,Iris-setosa,Iris-setosa,Iris-setosa,0.9930894544579977,0.006257761313339178,0.000652784228663178,0.8145750768202329,0.18542492317976708,5.043962543131957e-20,1.0,0.0,0.0,1.0,0.0,0.0,2
6.5,2.8,4.6,1.5,Iris-versicolor,Iris-versicolor,Iris-versicolor,Iris-versicolor,Iris-versicolor,0.005350493480216471,0.6015140193620008,0.3931354871577828,2.2818202097228544e-05,0.9926742843209587,0.00730289747694414,0.0,0.975,0.025,0.0,0.975,0.025,2
6.0,2.2,4.0,1.0,Iris-versicolor,Iris-versicolor,Iris-versicolor,Iris-versicolor,Iris-versicolor,0.0010939222447517453,0.95859899150114,0.04030708625410826,6.937965983518889e-05,0.999877253421844,5.336691832085596e-05,0.0,0.9571428571428571,0.04285714285714286,0.0,0.975,0.025,2
6.2,2.2,4.5,1.5,Iris-versicolor,Iris-versicolor,Iris-versicolor,Iris-versicolor,Iris-versicolor,0.0007696907740762555,0.6499120138844489,0.34931829534147496,1.4554710930728655e-06,0.7025733845961509,0.2974251599327559,0.0,0.9321428571428572,0.06785714285714287,0.0,0.975,0.025,2
6.1,2.8,4.0,1.3,Iris-versicolor,Iris-versicolor,Iris-versicolor,Iris-versicolor,Iris-versicolor,0.013528895798959894,0.8724516302833665,0.1140194739176736,0.0005647774896139555,0.9994155116278988,1.9710882487402723e-05,0.0,1.0,0.0,0.0,0.975,0.025,2
6.4,2.9,4.3,1.3,Iris-versicolor,Iris-versicolor,Iris-versicolor,Iris-versicolor,Iris-versicolor,0.010875907731976747,0.82646400188613,0.1626600903818933,0.00023788648531398787,0.9997245507504696,3.756276421631445e-05,0.0,1.0,0.0,0.0,0.975,0.025,2
5.5,2.4,3.8,1.1,Iris-versicolor,Iris-versicolor,Iris-versicolor,Iris-versicolor,Iris-versicolor,0.006634335330095283,0.9528108589844092,0.04055480568549549,0.00022815489530439336,0.9996825881547913,8.92569499043218e-05,0.0,1.0,0.0,0.0,0.975,0.025,2
5.5,2.4,3.7,1.0,Iris-versicolor,Iris-versicolor,Iris-versicolor,Iris-versicolor,Iris-versicolor,0.006695289621359241,0.9663458420486029,0.026958868330038004,0.0004707232917282775,0.9995184576373038,1.0819070967778767e-05,0.0,1.0,0.0,0.0,0.975,0.025,2
5.8,2.7,3.9,1.2,Iris-versicolor,Iris-versicolor,Iris-versicolor,Iris-versicolor,Iris-versicolor,0.01463248875066702,0.919946614230447,0.06542089701888608,0.0005356730018989617,0.999443150380898,2.117661720306776e-05,0.0,1.0,0.0,0.0,0.975,0.025,2
6.0,2.7,5.1,1.6,Iris-versicolor,Iris-virginica,Iris-virginica,Iris-virginica,Iris-virginica,0.005331544792597892,0.40271912063375725,0.5919493345736448,2.1857894262413338e-07,0.3935173768738685,0.6064824045471888,0.0,0.2,0.8,0.0,0.0,1.0,2
5.7,2.8,4.1,1.3,Iris-versicolor,Iris-versicolor,Iris-versicolor,Iris-versicolor,Iris-versicolor,0.0252997640666337,0.8769960916767032,0.09770414425666302,0.0002347150435266148,0.9993225348747643,0.00044275008170906156,0.0,1.0,0.0,0.0,0.975,0.025,2
7.2,3.6,6.1,2.5,Iris-virginica,Iris-virginica,Iris-virginica,Iris-virginica,Iris-virginica,0.0020069087683935033,0.02913209141080264,0.9688609998208039,1.4135523650515477e-08,0.03555151403225867,0.9644484718322177,0.0,0.0,1.0,0.0,0.02702702702702703,0.972972972972973,2
6.5,3.2,5.1,2.0,Iris-virginica,Iris-virginica,Iris-virginica,Iris-virginica,Iris-virginica,0.009088444184498763,0.1936963472316335,0.7972152085838679,1.0514868676654893e-06,0.13496619460372491,0.8650327539094074,0.0,0.0,1.0,0.0,0.02702702702702703,0.972972972972973,2
6.8,3.0,5.5,2.1,Iris-virginica,Iris-virginica,Iris-virginica,Iris-virginica,Iris-virginica,0.001305736863345026,0.07595792344409963,0.9227363396925553,5.6971260886037085e-08,0.19210446542840728,0.8078954776003319,0.0,0.0,1.0,0.0,0.02702702702702703,0.972972972972973,2
6.0,2.2,5.0,1.5,Iris-virginica,Iris-versicolor,Iris-virginica,Iris-versicolor,Iris-versicolor,0.0008222544080289769,0.5349755543581273,0.46420219123384365,6.812240582032673e-08,0.4728741387891124,0.5271257930884818,0.0,0.8171428571428571,0.18285714285714286,0.0,0.975,0.025,2
6.9,3.2,5.7,2.3,Iris-virginica,Iris-virginica,Iris-virginica,Iris-virginica,Iris-virginica,0.0013207110602399,0.04278926200045411,0.955890026939306,3.064884259891341e-08,0.10642966153197514,0.8935703078191822,0.0,0.0,1.0,0.0,0.02702702702702703,0.972972972972973,2
6.7,3.3,5.7,2.1,Iris-virginica,Iris-virginica,Iris-virginica,Iris-virginica,Iris-virginica,0.004642789208640004,0.0965683372149365,0.8987888735764236,6.203134627799214e-08,0.12263726757208586,0.8773626703965679,0.0,0.0,1.0,0.0,0.02702702702702703,0.972972972972973,2
7.7,3.0,6.1,2.3,Iris-virginica,Iris-virginica,Iris-virginica,Iris-virginica,Iris-virginica,0.00011719572555534662,0.022505030891474636,0.9773777733829699,3.4827553243415752e-09,0.18768626790598847,0.8123137286112562,0.0,0.0,1.0,0.0,0.02702702702702703,0.972972972972973,2
6.9,3.1,5.4,2.1,Iris-virginica,Iris-virginica,Iris-virginica,Iris-virginica,Iris-virginica,0.0019042585929855984,0.09546829967602219,0.9026274417309922,1.5145783074122397e-07,0.14764401599861887,0.8523558325435503,0.0,0.0,1.0,0.0,0.02702702702702703,0.972972972972973,2
5.8,2.7,5.1,1.9,Iris-virginica,Iris-virginica,Iris-virginica,Iris-virginica,Iris-virginica,0.003962619850060404,0.17442642208299927,0.8216109580669404,9.452563574803848e-08,0.3287956067045289,0.6712042987698353,0.0,0.0,1.0,0.0,0.02702702702702703,0.972972972972973,2
6.3,2.5,5.0,1.9,Iris-virginica,Iris-virginica,Iris-virginica,Iris-virginica,Iris-virginica,0.0008158202034951466,0.16616696732389194,0.8330172124726128,1.035622686930556e-07,0.36848655526445795,0.6315133411732734,0.0,0.09333333333333334,0.9066666666666666,0.0,0.02702702702702703,0.972972972972973,2
5.1,3.5,1.4,0.2,Iris-setosa,Iris-setosa,Iris-setosa,Iris-setosa,Iris-setosa,0.991879052422485,0.006874218072366381,0.001246729505148634,0.9237438008349116,0.07625619916508783,6.91885103341349e-16,1.0,0.0,0.0,1.0,0.0,0.0,3
5.4,3.9,1.7,0.4,Iris-setosa,Iris-setosa,Iris-setosa,Iris-setosa,Iris-setosa,0.9876684367887346,0.010116145402005304,0.0022154178092602945,0.9759485526791369,0.024051447320859894,3.2161568151883326e-15,1.0,0.0,0.0,1.0,0.0,0.0,3
4.9,3.1,1.5,0.1,Iris-setosa,Iris-setosa,Iris-setosa,Iris-setosa,Iris-setosa,0.9861139626848575,0.012382603250535152,0.00150343406460746,0.7776702735987864,0.2223297264012104,3.158949954443847e-15,1.0,0.0,0.0,1.0,0.0,0.0,3
5.4,3.9,1.3,0.4,Iris-setosa,Iris-setosa,Iris-setosa,Iris-setosa,Iris-setosa,0.9899642163029753,0.008351223932120599,0.0016845597649041474,0.9853192994081015,0.014680700591898303,2.5590509822398163e-16,1.0,0.0,0.0,1.0,0.0,0.0,3
4.8,3.4,1.9,0.2,Iris-setosa,Iris-setosa,Iris-setosa,Iris-setosa,Iris-versicolor,0.9924034396989719,0.006403011546213692,0.00119354875481436,0.8371970703978767,0.1628029296020592,6.40164569270842e-14,1.0,0.0,0.0,0.0,1.0,0.0,3
5.2,3.5,1.5,0.2,Iris-setosa,Iris-setosa,Iris-setosa,Iris-setosa,Iris-setosa,0.989577125486006,0.008825866162056316,0.0015970083519377322,0.9169718561376861,0.08302814386231325,8.92525731327053e-16,1.0,0.0,0.0,1.0,0.0,0.0,3
5.4,3.4,1.5,0.4,Iris-setosa,Iris-setosa,Iris-setosa,Iris-setosa,Iris-setosa,0.9710839152893417,0.024843945876115835,0.00407213883454254,0.9368710973826182,0.06312890261737719,4.475040918096797e-15,1.0,0.0,0.0,1.0,0.0,0.0,3
5.5,4.2,1.4,0.2,Iris-setosa,Iris-setosa,Iris-setosa,Iris-setosa,Iris-setosa,0.9946653437877702,0.004437495487946999,0.0008971607242828311,0.9873762881214353,0.012623711878564661,1.6697547249979645e-17,1.0,0.0,0.0,1.0,0.0,0.0,3
4.9,3.1,1.5,0.1,Iris-setosa,Iris-setosa,Iris-setosa,Iris-setosa,Iris-setosa,0.9861139626848575,0.012382603250535152,0.00150343406460746,0.7776702735987864,0.2223297264012104,3.158949954443847e-15,1.0,0.0,0.0,1.0,0.0,0.0,3
5.1,3.8,1.9,0.4,Iris-setosa,Iris-setosa,Iris-setosa,Iris-setosa,Iris-versicolor,0.9902139900512064,0.00803438790085076,0.001751622047942877,0.9578445761136545,0.04215542388629765,4.785805069154623e-14,1.0,0.0,0.0,0.0,1.0,0.0,3
5.2,2.7,3.9,1.4,Iris-versicolor,Iris-versicolor,Iris-versicolor,Iris-versicolor,Iris-versicolor,0.07027706401669828,0.8163155960872582,0.11340733989604337,0.0002342268310881359,0.9778067711288746,0.021959002040037322,0.0,1.0,0.0,0.0,1.0,0.0,3
5.6,2.9,3.6,1.3,Iris-versicolor,Iris-versicolor,Iris-versicolor,Iris-versicolor,Iris-versicolor,0.0850277066346916,0.8282567660253852,0.08671552733992312,0.0068234584591433545,0.9929412530185077,0.0002352885223489581,0.0,1.0,0.0,0.0,1.0,0.0,3
6.7,3.1,4.4,1.4,Iris-versicolor,Iris-versicolor,Iris-versicolor,Iris-versicolor,Iris-versicolor,0.015264259466926071,0.748726592338588,0.23600914819448596,0.0004968740255414461,0.998573998631077,0.000929127343381696,0.0,1.0,0.0,0.0,1.0,0.0,3
5.9,3.2,4.8,1.8,Iris-versicolor,Iris-virginica,Iris-virginica,Iris-virginica,Iris-virginica,0.0423392458967324,0.4125991455681165,0.5450616085351512,4.1985732182320455e-06,0.18082200523539704,0.8191737961913848,0.0,0.05,0.95,0.0,0.0,1.0,3
6.1,2.8,4.7,1.2,Iris-versicolor,Iris-versicolor,Iris-versicolor,Iris-versicolor,Iris-versicolor,0.012946590207572477,0.8286891423701778,0.1583642674222498,1.2608765972386686e-05,0.9924081631114229,0.007579228122604786,0.0,1.0,0.0,0.0,0.6666666666666666,0.3333333333333333,3
6.8,2.8,4.8,1.4,Iris-versicolor,Iris-versicolor,Iris-versicolor,Iris-versicolor,Iris-versicolor,0.00375357090824537,0.618878413806699,0.3773680152850556,1.1651010376214808e-05,0.9901658567485885,0.009822492241035204,0.0,0.9066666666666666,0.09333333333333334,0.0,0.6666666666666666,0.3333333333333333,3
6.7,3.1,4.7,1.5,Iris-versicolor,Iris-versicolor,Iris-versicolor,Iris-versicolor,Iris-versicolor,0.012487048160336947,0.6192895953568263,0.36822335648283677,7.332015089546983e-05,0.9846151345859685,0.015311545263136078,0.0,1.0,0.0,0.0,1.0,0.0,3
5.5,2.6,4.4,1.2,Iris-versicolor,Iris-versicolor,Iris-versicolor,Iris-versicolor,Iris-versicolor,0.020632972120184973,0.8844383377639714,0.09492869011584355,1.5690408201759602e-05,0.9816519649353805,0.018332344656417608,0.0,1.0,0.0,0.0,1.0,0.0,3
6.1,3.0,4.6,1.4,Iris-versicolor,Iris-versicolor,Iris-versicolor,Iris-versicolor,Iris-versicolor,0.02524121067997106,0.7272287974413103,0.24752999187871869,4.243274975881502e-05,0.9738125162792971,0.026145050970944182,0.0,1.0,0.0,0.0,1.0,0.0,3
5.8,2.6,4.0,1.2,Iris-versicolor,Iris-versicolor,Iris-versicolor,Iris-versicolor,Iris-versicolor,0.014009633591222962,0.9061458242776848,0.07984454213109218,0.00021112851362608374,0.9991993488517597,0.0005895226346142956,0.0,1.0,0.0,0.0,1.0,0.0,3
6.3,3.3,6.0,2.5,Iris-virginica,Iris-virginica,Iris-virginica,Iris-virginica,Iris-virginica,0.001670341757804889,0.020049930414177845,0.9782797278280172,2.359912832851921e-09,0.07795734578203348,0.9220426518580537,0.0,0.0,1.0,0.0,0.0,1.0,3
5.7,2.5,5.0,2.0,Iris-virginica,Iris-virginica,Iris-virginica,Iris-virginica,Iris-virginica,0.0024229025569847498,0.16613220935888326,0.8314448880841321,4.4168211795544614e-08,0.32325544933185973,0.6767445064999286,0.0,0.05,0.95,0.0,0.0,1.0,3
5.8,2.8,5.1,2.4,Iris-virginica,Iris-virginica,Iris-virginica,Iris-virginica,Iris-virginica,0.0020024929054166802,0.04840119515050069,0.9495963119440826,3.771441642782279e-08,0.12147013631058291,0.8785298259750007,0.0,0.05,0.95,0.0,0.0,1.0,3
5.6,2.8,4.9,2.0,Iris-virginica,Iris-virginica,Iris-virginica,Iris-virginica,Iris-virginica,0.009722980207944919,0.2085990024161379,0.7816780173759172,2.0743578843426763e-07,0.21530188598243138,0.7846979065817801,0.0,0.05,0.95,0.0,0.0,1.0,3
7.2,3.2,6.0,1.8,Iris-virginica,Iris-virginica,Iris-virginica,Iris-virginica,Iris-virginica,0.0018564144399055725,0.13617799065539707,0.8619655949046973,1.8468922486594845e-08,0.2772889159991203,0.7227110655319573,0.0,0.0,1.0,0.0,0.0,1.0,3
6.2,2.8,4.8,1.8,Iris-virginica,Iris-virginica,Iris-virginica,Iris-virginica,Iris-virginica,0.0056857630262354296,0.3098029830636321,0.6845112539101325,1.242093659015548e-06,0.30486184166897967,0.6951369162373614,0.0,0.0,1.0,0.0,0.0,1.0,3
7.4,2.8,6.1,1.9,Iris-virginica,Iris-virginica,Iris-virginica,Iris-virginica,Iris-virginica,0.00019463015034435846,0.06040531912694777,0.9394000507227078,2.439591934826995e-09,0.3693236806888213,0.6306763168715867,0.0,0.0,1.0,0.0,0.0,1.0,3
7.9,3.8,6.4,2.0,Iris-virginica,Iris-virginica,Iris-virginica,Iris-virginica,Iris-virginica,0.0028082187866820553,0.09268398982652572,0.9045077913867923,2.5186232464058765e-08,0.08635163580794114,0.9136483390058264,0.0,0.0,1.0,0.0,0.0,1.0,3
6.3,3.4,5.6,2.4,Iris-virginica,Iris-virginica,Iris-virginica,Iris-virginica,Iris-virginica,0.005189457155087797,0.05019497708309161,0.9446155657618206,3.466866575554922e-08,0.049903771156563845,0.9500961941747703,0.0,0.0,1.0,0.0,0.0,1.0,3
6.4,3.1,5.5,1.8,Iris-virginica,Iris-virginica,Iris-virginica,Iris-virginica,Iris-virginica,0.006976684655348975,0.2044243624715222,0.7885989528731289,8.37727534551256e-08,0.2560720580232763,0.7439278582039703,0.0,0.0,1.0,0.0,0.0,1.0,3
4.9,3.0,1.4,0.2,Iris-setosa,Iris-setosa,Iris-setosa,Iris-setosa,Iris-setosa,0.9748468144505779,0.02340023890685209,0.0017529466425701345,0.7820011709434314,0.21799882905656812,5.998937172121121e-16,1.0,0.0,0.0,1.0,0.0,0.0,4
4.7,3.2,1.3,0.2,Iris-setosa,Iris-setosa,Iris-setosa,Iris-setosa,Iris-setosa,0.9932626238320055,0.005980811109342285,0.000756565058652217,0.8712995707213121,0.12870042927868758,2.7073962356592326e-16,1.0,0.0,0.0,1.0,0.0,0.0,4
4.8,3.4,1.6,0.2,Iris-setosa,Iris-setosa,Iris-setosa,Iris-setosa,Iris-setosa,0.9941033688666299,0.00502336933180572,0.0008732618015642808,0.895148194287242,0.1048518057127577,4.957216001947019e-16,1.0,0.0,0.0,1.0,0.0,0.0,4
5.1,3.7,1.5,0.4,Iris-setosa,Iris-setosa,Iris-setosa,Iris-setosa,Iris-setosa,0.991968415122628,0.006507420761672986,0.0015241641156989606,0.9742501356452331,0.02574986435476656,3.1256636997092296e-16,1.0,0.0,0.0,1.0,0.0,0.0,4
5.1,3.3,1.7,0.5,Iris-setosa,Iris-setosa,Iris-setosa,Iris-setosa,Iris-setosa,0.9761767557802936,0.020381598939293203,0.0034416452804131806,0.9216477341179754,0.07835226588200579,1.8894164046389417e-14,1.0,0.0,0.0,1.0,0.0,0.0,4
4.7,3.2,1.6,0.2,Iris-setosa,Iris-setosa,Iris-setosa,Iris-setosa,Iris-setosa,0.991875225724798,0.007186998472871786,0.0009377758023301273,0.8348940913771643,0.16510590862283414,1.5448760312690258e-15,1.0,0.0,0.0,1.0,0.0,0.0,4
5.0,3.2,1.2,0.2,Iris-setosa,Iris-setosa,Iris-setosa,Iris-setosa,Iris-setosa,0.9876682533486364,0.011031834189788706,0.0012999124615747004,0.8761657614376446,0.12383423856235541,6.126242633595543e-17,1.0,0.0,0.0,1.0,0.0,0.0,4
5.5,3.5,1.3,0.2,Iris-setosa,Iris-setosa,Iris-setosa,Iris-setosa,Iris-setosa,0.9815811700948004,0.0158600397917326,0.0025587901134670613,0.9318056878269074,0.06819431217309253,6.793216390636751e-18,1.0,0.0,0.0,1.0,0.0,0.0,4
5.0,3.5,1.3,0.3,Iris-setosa,Iris-setosa,Iris-setosa,Iris-setosa,Iris-setosa,0.9928442292653795,0.006020338596001381,0.001135432138619066,0.9519752752962359,0.04802472470376408,9.80438667765958e-17,1.0,0.0,0.0,1.0,0.0,0.0,4
5.0,3.5,1.6,0.6,Iris-setosa,Iris-setosa,Iris-setosa,Iris-setosa,Iris-setosa,0.9852684779377578,0.012200409694870318,0.00253111236737195,0.9699715384262861,0.03002846157369476,1.891217336414304e-14,1.0,0.0,0.0,1.0,0.0,0.0,4
5.5,2.3,4.0,1.3,Iris-versicolor,Iris-versicolor,Iris-versicolor,Iris-versicolor,Iris-versicolor,0.007787438017363321,0.911363245731356,0.08084931625128068,6.353972141732078e-05,0.9935683186723449,0.006368141606237831,0.0,1.0,0.0,0.0,0.975,0.025,4
5.7,2.8,4.5,1.3,Iris-versicolor,Iris-versicolor,Iris-versicolor,Iris-versicolor,Iris-versicolor,0.028424600910260563,0.8435202546526958,0.12805514443704372,4.034035962477047e-05,0.9904326514479619,0.00952700819241339,0.0,1.0,0.0,0.0,0.975,0.025,4
5.9,3.0,4.2,1.5,Iris-versicolor,Iris-versicolor,Iris-versicolor,Iris-versicolor,Iris-versicolor,0.04549630848239631,0.753831711324321,0.20067198019328267,0.0006675249640878443,0.9904180078321776,0.008914467203734617,0.0,1.0,0.0,0.0,0.975,0.025,4
5.6,3.0,4.5,1.5,Iris-versicolor,Iris-versicolor,Iris-versicolor,Iris-versicolor,Iris-versicolor,0.06774382812861736,0.6936044940192876,0.23865167785209518,7.972078074502842e-05,0.9062278795806257,0.09369239963862933,0.0,1.0,0.0,0.0,0.975,0.025,4
5.8,2.7,4.1,1.0,Iris-versicolor,Iris-versicolor,Iris-versicolor,Iris-versicolor,Iris-versicolor,0.02159518361112481,0.9345743949864224,0.04383042140245271,0.00039474352430166743,0.999579465106592,2.579136910629026e-05,0.0,1.0,0.0,0.0,0.975,0.025,4
6.0,2.9,4.5,1.5,Iris-versicolor,Iris-versicolor,Iris-versicolor,Iris-versicolor,Iris-versicolor,0.02178715099747063,0.6981282382725121,0.2800846107300173,7.014629220243002e-05,0.9632356852092199,0.03669416849857764,0.0,1.0,0.0,0.0,0.975,0.025,4
6.0,3.4,4.5,1.6,Iris-versicolor,Iris-versicolor,Iris-versicolor,Iris-versicolor,Iris-versicolor,0.1123373496132346,0.5357335359749082,0.35192911441185715,0.0011971226698488078,0.9453581331437564,0.05344474418639475,0.0,0.825,0.175,0.0,0.975,0.025,4
6.3,2.3,4.4,1.3,Iris-versicolor,Iris-versicolor,Iris-versicolor,Iris-versicolor,Iris-versicolor,0.00163782770934198,0.8495543929078891,0.14880777938276887,1.669327758771872e-05,0.9943309845514653,0.005652322170947003,0.0,1.0,0.0,0.0,0.975,0.025,4
6.2,2.9,4.3,1.3,Iris-versicolor,Iris-versicolor,Iris-versicolor,Iris-versicolor,Iris-versicolor,0.01711176879470501,0.8511061765465037,0.1317820546587915,0.0003145883329298842,0.9991682637770576,0.0005171478900124781,0.0,1.0,0.0,0.0,0.975,0.025,4
5.1,2.5,3.0,1.1,Iris-versicolor,Iris-versicolor,Iris-versicolor,Iris-versicolor,Iris-versicolor,0.09281331998943894,0.8764680748937911,0.030718605116769993,0.03146015331988171,0.9685363973359687,3.4493441496233893e-06,0.0,1.0,0.0,0.0,0.975,0.025,4
7.1,3.0,5.9,2.1,Iris-virginica,Iris-virginica,Iris-virginica,Iris-virginica,Iris-virginica,0.0005083470550361163,0.05368392323349819,0.9458077297114657,1.7078077361031965e-08,0.2555060638140608,0.7444939191078619,0.0,0.0,1.0,0.0,0.02631578947368421,0.9736842105263158,4
4.9,2.5,4.5,1.7,Iris-virginica,Iris-versicolor,Iris-virginica,Iris-versicolor,Iris-versicolor,0.035091433494469804,0.6515446087003628,0.31336395780516735,1.1098085544202495e-06,0.3398673181113713,0.6601315720800743,0.0,0.725,0.275,0.0,0.975,0.025,4
6.7,2.5,5.8,1.8,Iris-virginica,Iris-virginica,Iris-virginica,Iris-virginica,Iris-virginica,0.00030718028755923277,0.14020499109019932,0.8594878286222415,5.72308563455757e-09,0.4547738647585115,0.5452261295184029,0.0,0.0,1.0,0.0,0.02631578947368421,0.9736842105263158,4
6.4,2.7,5.3,1.9,Iris-virginica,Iris-virginica,Iris-virginica,Iris-virginica,Iris-virginica,0.0014270069088788944,0.1613695805834584,0.8372034125076627,9.829206614918948e-08,0.3382355412026511,0.6617643605052828,0.0,0.0,1.0,0.0,0.02631578947368421,0.9736842105263158,4
7.7,2.8,6.7,2.0,Iris-virginica,Iris-virginica,Iris-virginica,Iris-virginica,Iris-virginica,5.520885739504673e-05,0.03341646976747765,0.9665283213751272,2.6731940782826845e-10,0.44241715017738187,0.5575828495552987,0.0,0.0,1.0,0.0,0.02631578947368421,0.9736842105263158,4
6.3,2.7,4.9,1.8,Iris-virginica,Iris-virginica,Iris-virginica,Iris-virginica,Iris-virginica,0.0031266256868398424,0.30519063880066766,0.6916827355124926,9.95350017360317e-07,0.35322270461027744,0.6467763000397053,0.0,0.16333333333333333,0.8366666666666667,0.0,0.02631578947368421,0.9736842105263158,4
6.3,2.8,5.1,1.5,Iris-virginica,Iris-versicolor,Iris-versicolor,Iris-versicolor,Iris-versicolor,0.005915893076560615,0.5260611278442421,0.46802297907919727,1.4387662472976782e-06,0.7205984896705181,0.27940007156323454,0.0,0.6416666666666666,0.3583333333333333,0.0,0.975,0.025,4
6.7,3.3,5.7,2.5,Iris-virginica,Iris-virginica,Iris-virginica,Iris-virginica,Iris-virginica,0.0012272640754178467,0.02146673971159349,0.9773059962129886,4.146710270170208e-08,0.042074580882032885,0.9579253776508644,0.0,0.0,1.0,0.0,0.02631578947368421,0.9736842105263158,4
6.7,3.0,5.2,2.3,Iris-virginica,Iris-virginica,Iris-virginica,Iris-virginica,Iris-virginica,0.0011449583570517226,0.05256575633061298,0.9462892853123354,3.056247014617042e-07,0.09603802356234445,0.9039616708129542,0.0,0.0,1.0,0.0,0.02631578947368421,0.9736842105263158,4
6.2,3.4,5.4,2.3,Iris-virginica,Iris-virginica,Iris-virginica,Iris-virginica,Iris-virginica,0.010332337490996796,0.06963676048471415,0.920030902024289,2.5516613013040847e-07,0.034758545223625384,0.9652411996102446,0.0,0.0,1.0,0.0,0.02631578947368421,0.9736842105263158,4
5.0,3.4,1.5,0.2,Iris-setosa,Iris-setosa,Iris-setosa,Iris-setosa,Iris-setosa,0.9910646737344989,0.007609775590537642,0.001325550674963573,0.8961906798933806,0.1038093201066135,5.8593931952429985e-15,1.0,0.0,0.0,1.0,0.0,0.0,5
5.4,3.7,1.5,0.2,Iris-setosa,Iris-setosa,Iris-setosa,Iris-setosa,Iris-setosa,0.9887952501316418,0.00918568878853183,0.002019061079826397,0.9558116155266477,0.04418838447335155,6.461415270085267e-16,1.0,0.0,0.0,1.0,0.0,0.0,5
5.8,4.0,1.2,0.2,Iris-setosa,Iris-setosa,Iris-setosa,Iris-setosa,Iris-setosa,0.9871371837560741,0.010247832954177152,0.0026149832897487016,0.9895055712637861,0.01049442873621389,1.2008767219330539e-17,1.0,0.0,0.0,1.0,0.0,0.0,5
5.7,3.8,1.7,0.3,Iris-setosa,Iris-setosa,Iris-setosa,Iris-setosa,Iris-setosa,0.9772206241931878,0.01832345339713685,0.0044559224096753815,0.969899683028888,0.030100316971110194,1.621575464381799e-15,1.0,0.0,0.0,1.0,0.0,0.0,5
5.4,3.4,1.7,0.2,Iris-setosa,Iris-setosa,Iris-setosa,Iris-setosa,Iris-setosa,0.9749778937495629,0.021689839756762253,0.00333226649367489,0.8857175278221862,0.11428247217780671,6.9984669043846026e-15,1.0,0.0,0.0,1.0,0.0,0.0,5
4.6,3.6,1.0,0.2,Iris-setosa,Iris-setosa,Iris-setosa,Iris-setosa,Iris-setosa,0.99775991053138,0.001879987199945485,0.00036010226867453586,0.9618163522216256,0.03818364777837395,3.8202723591328677e-16,1.0,0.0,0.0,1.0,0.0,0.0,5
5.2,3.4,1.4,0.2,Iris-setosa,Iris-setosa,Iris-setosa,Iris-setosa,Iris-setosa,0.9870678077085039,0.011109627060976813,0.001822565230519389,0.9174882218584025,0.08251177814159552,2.0518302507685466e-15,1.0,0.0,0.0,1.0,0.0,0.0,5
4.4,3.0,1.3,0.2,Iris-setosa,Iris-setosa,Iris-setosa,Iris-setosa,Iris-setosa,0.9932001775911468,0.006106663450602881,0.000693158958250287,0.789646385216555,0.210353614783406,3.897290536217418e-14,1.0,0.0,0.0,1.0,0.0,0.0,5
4.4,3.2,1.3,0.2,Iris-setosa,Iris-setosa,Iris-setosa,Iris-setosa,Iris-setosa,0.9961626156717325,0.003345654751595409,0.0004917295766722423,0.8488075323667348,0.15119246763324756,1.7711961783229295e-14,1.0,0.0,0.0,1.0,0.0,0.0,5
5.0,3.3,1.4,0.2,Iris-setosa,Iris-setosa,Iris-setosa,Iris-setosa,Iris-setosa,0.9896059637625002,0.008992584781709407,0.0014014514557904438,0.8889190908543309,0.11108090914566432,4.985477838848388e-15,1.0,0.0,0.0,1.0,0.0,0.0,5
6.4,3.2,4.5,1.5,Iris-versicolor,Iris-versicolor,Iris-versicolor,Iris-versicolor,Iris-versicolor,0.03319275050278476,0.6857485792186843,0.28105867027853104,0.00034718870473819506,0.9862608101029968,0.013392001192264946,0.0,1.0,0.0,0.0,1.0,0.0,5
6.3,3.3,4.7,1.6,Iris-versicolor,Iris-versicolor,Iris-versicolor,Iris-versicolor,Iris-versicolor,0.045153820893032916,0.5691819302014021,0.385664248905565,0.0001307875786725953,0.9061321238661846,0.09373708855514283,0.0,0.9333333333333332,0.06666666666666667,0.0,1.0,0.0,5
4.9,2.4,3.3,1.0,Iris-versicolor,Iris-versicolor,Iris-versicolor,Iris-versicolor,Iris-versicolor,0.09813086072537007,0.8659793696400153,0.035889769634614675,0.0025557233944070814,0.9974025781123723,4.1698493220688324e-05,0.0,0.7166666666666666,0.2833333333333333,0.0,1.0,0.0,5
6.6,2.9,4.6,1.3,Iris-versicolor,Iris-versicolor,Iris-versicolor,Iris-versicolor,Iris-versicolor,0.008328609589457216,0.7834502281414615,0.20822116226908127,5.7054839762587816e-05,0.996684199934326,0.003258745225911498,0.0,1.0,0.0,0.0,1.0,0.0,5
6.1,2.9,4.7,1.4,Iris-versicolor,Iris-versicolor,Iris-versicolor,Iris-versicolor,Iris-versicolor,0.01698356196102317,0.7298899569967439,0.253126481042233,1.4807308138194808e-05,0.9565473885546343,0.04343780413722776,0.0,1.0,0.0,0.0,1.0,0.0,5
5.6,2.5,3.9,1.1,Iris-versicolor,Iris-versicolor,Iris-versicolor,Iris-versicolor,Iris-versicolor,0.014753611621274795,0.9391460667070018,0.04610032167172335,0.00024231946781787123,0.9993619686518207,0.0003957118803615539,0.0,1.0,0.0,0.0,1.0,0.0,5
6.6,3.0,4.4,1.4,Iris-versicolor,Iris-versicolor,Iris-versicolor,Iris-versicolor,Iris-versicolor,0.013074087075717425,0.7503651316907421,0.23656078123354038,0.00030663809030402877,0.9968169348345539,0.0028764270751419773,0.0,1.0,0.0,0.0,1.0,0.0,5
6.7,3.0,5.0,1.7,Iris-versicolor,Iris-virginica,Iris-versicolor,Iris-virginica,Iris-virginica,0.005977209785923666,0.34831207229260813,0.6457107179214683,3.90138101930102e-06,0.5351789197805109,0.46481717883846985,0.0,0.0,1.0,0.0,0.02631578947368421,0.9736842105263158,5
5.4,3.0,4.5,1.5,Iris-versicolor,Iris-versicolor,Iris-versicolor,Iris-versicolor,Iris-versicolor,0.09358156216577435,0.6665729801556912,0.2398454576785343,2.7632235720814456e-05,0.8608991120464569,0.13907325571782234,0.0,0.9166666666666666,0.08333333333333333,0.0,1.0,0.0,5
5.0,2.3,3.3,1.0,Iris-versicolor,Iris-versicolor,Iris-versicolor,Iris-versicolor,Iris-versicolor,0.044473930692930326,0.9248577132781385,0.03066835602893114,0.001925532923443317,0.9980266766672952,4.779040926147578e-05,0.0,0.8166666666666667,0.18333333333333332,0.0,1.0,0.0,5
6.5,3.0,5.8,2.2,Iris-virginica,Iris-virginica,Iris-virginica,Iris-virginica,Iris-virginica,0.0011008299376958756,0.03767673735728728,0.961222432705017,6.102645434578752e-09,0.1954569313575098,0.8045430625398448,0.0,0.0,1.0,0.0,0.02631578947368421,0.9736842105263158,5
7.3,2.9,6.3,1.8,Iris-virginica,Iris-virginica,Iris-virginica,Iris-virginica,Iris-virginica,0.0004063387438863366,0.08216232037966688,0.9174313408764468,1.4376828461945682e-09,0.41422731622031006,0.5857726823420071,0.0,0.0,1.0,0.0,0.02631578947368421,0.9736842105263158,5
6.5,3.0,5.5,1.8,Iris-virginica,Iris-virginica,Iris-virginica,Iris-virginica,Iris-virginica,0.004284836230633081,0.1872095278148457,0.8085056359545212,7.113535123097839e-08,0.3054623686523805,0.6945375602122683,0.0,0.0,1.0,0.0,0.02631578947368421,0.9736842105263158,5
6.1,3.0,4.9,1.8,Iris-virginica,Iris-virginica,Iris-virginica,Iris-virginica,Iris-virginica,0.014002405526181193,0.32264628745972085,0.663351307014098,1.6454103457256918e-06,0.27215926898125264,0.7278390856084016,0.0,0.19476190476190475,0.8052380952380952,0.0,0.02631578947368421,0.9736842105263158,5
6.4,2.8,5.6,2.2,Iris-virginica,Iris-virginica,Iris-virginica,Iris-virginica,Iris-virginica,0.0007168385045648409,0.039467950789871864,0.9598152107055632,7.760620290746483e-09,0.22313176679398014,0.7768682254453995,0.0,0.0,1.0,0.0,0.02631578947368421,0.9736842105263158,5
6.1,2.6,5.6,1.4,Iris-virginica,Iris-versicolor,Iris-virginica,Iris-virginica,Iris-virginica,0.003453792862000687,0.5051229908911484,0.4914232162468509,1.5621078049498858e-08,0.4933646387313103,0.5066353456476117,0.0,0.4619047619047619,0.5380952380952382,0.0,0.25,0.75,5
6.0,3.0,4.8,1.8,Iris-virginica,Iris-virginica,Iris-virginica,Iris-versicolor,Iris-virginica,0.018066628538241532,0.3507699582085755,0.631163413253183,2.8201464425635666e-06,0.2803206475662636,0.7196765322872939,0.0,0.55,0.45,0.0,0.02631578947368421,0.9736842105263158,5
6.7,3.1,5.6,2.4,Iris-virginica,Iris-virginica,Iris-virginica,Iris-virginica,Iris-virginica,0.000849887757163182,0.02516110152214737,0.9739890107206894,2.0219260856485763e-08,0.06950794481490702,0.9304920349658322,0.0,0.0,1.0,0.0,0.02631578947368421,0.9736842105263158,5
6.9,3.1,5.1,2.3,Iris-virginica,Iris-virginica,Iris-virginica,Iris-virginica,Iris-virginica,0.0013926501905384473,0.05440771415583189,0.9441996356536297,4.402804224223131e-07,0.04017873245253329,0.9598208272670443,0.0,0.0,1.0,0.0,0.02631578947368421,0.9736842105263158,5
6.5,3.0,5.2,2.0,Iris-virginica,Iris-virginica,Iris-virginica,Iris-virginica,Iris-virginica,0.0035414168939383295,0.13055321105929735,0.8659053720467643,2.441986704105478e-07,0.1596923851494217,0.840307370651908,0.0,0.0,1.0,0.0,0.02631578947368421,0.9736842105263158,5
